id,name,slug,created_at,updated_at
01hpseq0tyk8s9hjmwgq6fj5gb,Aasmaan Se Aagay,aasmaan-se-aagay,2024-02-16 17:16:35,2024-02-16 17:16:35
01hpseq8nh2shppka7x01hf69y,Byomkesh Bakshi,byomkesh-bakshi,2024-02-16 17:16:43,2024-02-16 17:16:43
01hpsem8q2bbf9c0w2gznbbrc2,Dekh Bhai Dekh,dekh-bhai-dekh,2024-02-16 17:15:05,2024-02-16 17:15:05
01hpsg1vkr0tpfx93xhq5xnck2,Flop Show,flop-show,2024-02-16 17:39:59,2024-02-16 17:39:59
01hpseph1hah7xa1qbjwk61d52,Idhar Udhar,idhar-udhar,2024-02-16 17:16:19,2024-02-16 17:16:19
01hpsepq6rm79x2q2xmc005e86,Indradhanush,indradhanush,2024-02-16 17:16:25,2024-02-16 17:16:25
01hpseq5b6f3gr9c0vg6agqg32,Isi Bahane,isi-bahane,2024-02-16 17:16:40,2024-02-16 17:16:40
01hpsegq8ee58ewvjmpat9cdfg,Malgudi Days,malgudi-days,2024-02-16 17:13:09,2024-02-16 17:13:09
01hpseqfma9zmpxc8w71vs78nh,Premchand Stories,premchand-stories,2024-02-16 17:16:50,2024-02-16 17:16:50
01hpsef8rv0z88rjnsd2a3nbdx,Raja Rancho,raja-rancho,2024-02-16 17:12:21,2024-02-16 17:12:21
01hpsepvj7frptse3njf0f5bm1,Rajani,rajani,2024-02-16 17:16:30,2024-02-16 17:16:30
01hpsak17mfbxavhy0mxb7qksg,Shaktiman,shaktiman,2024-02-16 16:04:30,2024-02-16 16:04:30
01hpsejctaddkh2az1gp5shy43,Shrimaan Shrimati,shrimaan-shrimati,2024-02-16 17:14:03,2024-02-16 17:14:03